INSERT INTO USER_TAB (USER_ID, NAME) VALUES (100, 'Victoria');
INSERT INTO USER_TAB (USER_ID, NAME) VALUES (200, 'Bartosz');
INSERT INTO USER_TAB (USER_ID, NAME) VALUES (300, 'Kasia');
INSERT INTO USER_TAB (USER_ID, NAME) VALUES (400, 'Manh Ton');
INSERT INTO USER_TAB (USER_ID, NAME) VALUES (500, 'Raffael');

INSERT INTO CATEGORY_TAB (CATEGORY_ID, NAME) VALUES (100, 'Category1');
INSERT INTO CATEGORY_TAB (CATEGORY_ID, NAME) VALUES (200, 'Category2');
INSERT INTO CATEGORY_TAB (CATEGORY_ID, NAME) VALUES (300, 'Category3');

INSERT INTO SHOP_TAB (SHOP_ID, NAME, ADDRESS) VALUES (100, 'shop_1', 'address_1');
INSERT INTO SHOP_TAB (SHOP_ID, NAME, ADDRESS) VALUES (200, 'shop_2', 'address_2');
INSERT INTO SHOP_TAB (SHOP_ID, NAME, ADDRESS) VALUES (300, 'shop_3', 'address_3');

INSERT INTO SUPERIOR_TAB (SUPERIOR_ID, NAME, USER_ID) VALUES (100, 'superior_1', 100);
INSERT INTO SUPERIOR_TAB (SUPERIOR_ID, NAME, USER_ID) VALUES (200, 'superior_2', 200);
INSERT INTO SUPERIOR_TAB (SUPERIOR_ID, NAME) VALUES (300, 'superior_3');

INSERT INTO EMPLOYEE_TAB (EMPLOYEE_ID, NAME, USER_ID, SUPERIOR_ID) VALUES (100, 'Victoria', 100, 100);
INSERT INTO EMPLOYEE_TAB (EMPLOYEE_ID, NAME, USER_ID, SUPERIOR_ID) VALUES (200, 'Bartosz', 200, 100);
INSERT INTO EMPLOYEE_TAB (EMPLOYEE_ID, NAME, USER_ID, SUPERIOR_ID) VALUES (300, 'Kasia', 300, 100);

INSERT INTO EXPENSE_TAB (EXPENSE_ID, NAME, TOTAL, EXPENSE_DATE, CATEGORY_ID, SHOP_ID, EMPLOYEE_ID, STATUS, NOTE) VALUES (100, 'expense_1', 0.99, CURRENT_DATE, 100, 100, 100, 'INITIAL', 'Note 1');
INSERT INTO EXPENSE_TAB (EXPENSE_ID, NAME, TOTAL, EXPENSE_DATE, CATEGORY_ID, SHOP_ID, EMPLOYEE_ID, STATUS, NOTE) VALUES (200, 'expense_2', 9.05, CURRENT_DATE, 200, 200, 100, 'INITIAL', 'Note 2');
INSERT INTO EXPENSE_TAB (EXPENSE_ID, NAME, TOTAL, EXPENSE_DATE, CATEGORY_ID, SHOP_ID, EMPLOYEE_ID, STATUS, NOTE) VALUES (300, 'expense_3', 22.0, CURRENT_DATE, 200, 200, 200, 'INITIAL', 'Note 3');
