INSERT INTO USER_TAB (USER_ID, USERNAME, PASSWORD, ROLE, VERSION) VALUES (100, 'usr1', 'pass1', 'EMPLOYEE', CURRENT_TIMESTAMP);
INSERT INTO USER_TAB (USER_ID, USERNAME, PASSWORD, ROLE, VERSION) VALUES (200, 'usr2', 'pass2', 'EMPLOYEE', CURRENT_TIMESTAMP);
INSERT INTO USER_TAB (USER_ID, USERNAME, PASSWORD, ROLE, VERSION) VALUES (300, 'usr3', 'pass3', 'SUPERIOR', CURRENT_TIMESTAMP);
INSERT INTO USER_TAB (USER_ID, USERNAME, PASSWORD, ROLE, VERSION) VALUES (400, 'usr4', 'pass4', 'EMPLOYEE', CURRENT_TIMESTAMP);
INSERT INTO USER_TAB (USER_ID, USERNAME, PASSWORD, ROLE, VERSION) VALUES (500, 'usr5', 'pass5', 'EMPLOYEE', CURRENT_TIMESTAMP);

INSERT INTO CATEGORY_TAB (CATEGORY_ID, NAME, VERSION) VALUES (100, 'Category1', CURRENT_TIMESTAMP);
INSERT INTO CATEGORY_TAB (CATEGORY_ID, NAME, VERSION) VALUES (200, 'Category2', CURRENT_TIMESTAMP);
INSERT INTO CATEGORY_TAB (CATEGORY_ID, NAME, VERSION) VALUES (300, 'Category3', CURRENT_TIMESTAMP);

INSERT INTO SHOP_TAB (SHOP_ID, NAME, ADDRESS, VERSION) VALUES (100, 'shop_1', 'address_1', CURRENT_TIMESTAMP);
INSERT INTO SHOP_TAB (SHOP_ID, NAME, ADDRESS, VERSION) VALUES (200, 'shop_2', 'address_2', CURRENT_TIMESTAMP);
INSERT INTO SHOP_TAB (SHOP_ID, NAME, ADDRESS, VERSION) VALUES (300, 'shop_3', 'address_3', CURRENT_TIMESTAMP);

INSERT INTO SUPERIOR_TAB (SUPERIOR_ID, NAME, USER_ID, VERSION) VALUES (100, 'superior_1', 100, CURRENT_TIMESTAMP);
INSERT INTO SUPERIOR_TAB (SUPERIOR_ID, NAME, USER_ID, VERSION) VALUES (200, 'superior_2', 200, CURRENT_TIMESTAMP);
INSERT INTO SUPERIOR_TAB (SUPERIOR_ID, NAME, USER_ID, VERSION) VALUES (300, 'superior_3', NULL, CURRENT_TIMESTAMP);

INSERT INTO EMPLOYEE_TAB (EMPLOYEE_ID, NAME, USER_ID, SUPERIOR_ID, VERSION) VALUES (100, 'Victoria', 100, 100, CURRENT_TIMESTAMP);
INSERT INTO EMPLOYEE_TAB (EMPLOYEE_ID, NAME, USER_ID, SUPERIOR_ID, VERSION) VALUES (200, 'Bartosz', 200, 100, CURRENT_TIMESTAMP);
INSERT INTO EMPLOYEE_TAB (EMPLOYEE_ID, NAME, USER_ID, SUPERIOR_ID, VERSION) VALUES (300, 'Kasia', 300, 100, CURRENT_TIMESTAMP);

INSERT INTO EXPENSE_TAB (EXPENSE_ID, NAME, TOTAL, EXPENSE_DATE, CATEGORY_ID, SHOP_ID, EMPLOYEE_ID, STATUS, NOTE, VERSION) VALUES (100, 'expense_1', 0.99, CURRENT_DATE, 100, 100, 100, 'INITIAL', 'Note 1', CURRENT_TIMESTAMP);
INSERT INTO EXPENSE_TAB (EXPENSE_ID, NAME, TOTAL, EXPENSE_DATE, CATEGORY_ID, SHOP_ID, EMPLOYEE_ID, STATUS, NOTE, VERSION) VALUES (200, 'expense_2', 9.05, CURRENT_DATE, 200, 200, 100, 'INITIAL', 'Note 2', CURRENT_TIMESTAMP);
INSERT INTO EXPENSE_TAB (EXPENSE_ID, NAME, TOTAL, EXPENSE_DATE, CATEGORY_ID, SHOP_ID, EMPLOYEE_ID, STATUS, NOTE, VERSION) VALUES (300, 'expense_3', 22.0, CURRENT_DATE, 200, 200, 200, 'INITIAL', 'Note 3', CURRENT_TIMESTAMP);
INSERT INTO EXPENSE_TAB (EXPENSE_ID, NAME, TOTAL, EXPENSE_DATE, CATEGORY_ID, SHOP_ID, EMPLOYEE_ID, STATUS, NOTE, VERSION) VALUES (400, 'expense_4', 13.0, CURRENT_DATE, 200, 200, 100, 'PENDING', 'Note 4', CURRENT_TIMESTAMP);
