INSERT INTO CATEGORY_TAB (CATEGORY_ID, NAME) VALUES (100, 'Category1');
INSERT INTO CATEGORY_TAB (CATEGORY_ID, NAME) VALUES (200, 'Category2');
INSERT INTO CATEGORY_TAB (CATEGORY_ID, NAME) VALUES (300, 'Category3');

INSERT INTO SHOP_TAB (SHOP_ID, NAME, ADDRESS) VALUES (100, 'shop_1', 'address_1');
INSERT INTO SHOP_TAB (SHOP_ID, NAME, ADDRESS) VALUES (200, 'shop_2', 'address_2');
INSERT INTO SHOP_TAB (SHOP_ID, NAME, ADDRESS) VALUES (300, 'shop_3', 'address_3');

INSERT INTO ROLE_TAB (ROLE_ID, NAME) VALUES (1, 'ROLE_EMPLOYEE');
INSERT INTO ROLE_TAB (ROLE_ID, NAME) VALUES (2, 'ROLE_SUPERIOR');
INSERT INTO ROLE_TAB (ROLE_ID, NAME) VALUES (3, 'ROLE_ACCOUNTANT');
INSERT INTO ROLE_TAB (ROLE_ID, NAME) VALUES (4, 'ROLE_ADMINISTRATOR');

INSERT INTO RIGHT_TAB (RIGHT_ID, NAME) VALUES (1, 'VIEW_EXPENSES');
INSERT INTO RIGHT_TAB (RIGHT_ID, NAME) VALUES (2, 'CREATE_EXPENSES');
INSERT INTO RIGHT_TAB (RIGHT_ID, NAME) VALUES (3, 'DELETE_EXPENSES');
INSERT INTO RIGHT_TAB (RIGHT_ID, NAME) VALUES (4, 'EDIT_EXPENSES');
INSERT INTO RIGHT_TAB (RIGHT_ID, NAME) VALUES (5, 'SUBMIT_EXPENSES');
INSERT INTO RIGHT_TAB (RIGHT_ID, NAME) VALUES (6, 'APPROVE_REJECT_EXPENSES');
INSERT INTO RIGHT_TAB (RIGHT_ID, NAME) VALUES (7, 'VIEW_REPORTS');
INSERT INTO RIGHT_TAB (RIGHT_ID, NAME) VALUES (8, 'CREATE_EMPLOYEES_SUPERIORS');
INSERT INTO RIGHT_TAB (RIGHT_ID, NAME) VALUES (9, 'DELETE_EMPLOYEES_SUPERIORS');
INSERT INTO RIGHT_TAB (RIGHT_ID, NAME) VALUES (10, 'REASSIGN_EMPLOYEES');
INSERT INTO RIGHT_TAB (RIGHT_ID, NAME) VALUES (11, 'VIEW_SHOPS');
INSERT INTO RIGHT_TAB (RIGHT_ID, NAME) VALUES (12, 'CREATE_SHOPS');
INSERT INTO RIGHT_TAB (RIGHT_ID, NAME) VALUES (13, 'DELETE_SHOPS');
INSERT INTO RIGHT_TAB (RIGHT_ID, NAME) VALUES (14, 'EDIT_SHOPS');
INSERT INTO RIGHT_TAB (RIGHT_ID, NAME) VALUES (15, 'VIEW_CATEGORIES');
INSERT INTO RIGHT_TAB (RIGHT_ID, NAME) VALUES (16, 'CREATE_CATEGORIES');
INSERT INTO RIGHT_TAB (RIGHT_ID, NAME) VALUES (17, 'DELETE_CATEGORIES');
INSERT INTO RIGHT_TAB (RIGHT_ID, NAME) VALUES (18, 'EDIT_CATEGORIES');
INSERT INTO RIGHT_TAB (RIGHT_ID, NAME) VALUES (19, 'ROLE_EMPLOYEE');
INSERT INTO RIGHT_TAB (RIGHT_ID, NAME) VALUES (20, 'ROLE_SUPERIOR');
INSERT INTO RIGHT_TAB (RIGHT_ID, NAME) VALUES (21, 'ROLE_ACCOUNTANT');
INSERT INTO RIGHT_TAB (RIGHT_ID, NAME) VALUES (22, 'ROLE_ADMINISTRATOR');

INSERT INTO PERMISSION_TAB (ROLE_ID, RIGHT_ID) VALUES (1, 1);
INSERT INTO PERMISSION_TAB (ROLE_ID, RIGHT_ID) VALUES (1, 2);
INSERT INTO PERMISSION_TAB (ROLE_ID, RIGHT_ID) VALUES (1, 3);
INSERT INTO PERMISSION_TAB (ROLE_ID, RIGHT_ID) VALUES (1, 4);
INSERT INTO PERMISSION_TAB (ROLE_ID, RIGHT_ID) VALUES (1, 5);
INSERT INTO PERMISSION_TAB (ROLE_ID, RIGHT_ID) VALUES (1, 19);
INSERT INTO PERMISSION_TAB (ROLE_ID, RIGHT_ID) VALUES (2, 1);--TODO remove
INSERT INTO PERMISSION_TAB (ROLE_ID, RIGHT_ID) VALUES (2, 6);
INSERT INTO PERMISSION_TAB (ROLE_ID, RIGHT_ID) VALUES (2, 7);
INSERT INTO PERMISSION_TAB (ROLE_ID, RIGHT_ID) VALUES (2, 20);
INSERT INTO PERMISSION_TAB (ROLE_ID, RIGHT_ID) VALUES (3, 7);
INSERT INTO PERMISSION_TAB (ROLE_ID, RIGHT_ID) VALUES (3, 21);
INSERT INTO PERMISSION_TAB (ROLE_ID, RIGHT_ID) VALUES (4, 8);
INSERT INTO PERMISSION_TAB (ROLE_ID, RIGHT_ID) VALUES (4, 9);
INSERT INTO PERMISSION_TAB (ROLE_ID, RIGHT_ID) VALUES (4, 10);
INSERT INTO PERMISSION_TAB (ROLE_ID, RIGHT_ID) VALUES (4, 11);
INSERT INTO PERMISSION_TAB (ROLE_ID, RIGHT_ID) VALUES (4, 12);
INSERT INTO PERMISSION_TAB (ROLE_ID, RIGHT_ID) VALUES (4, 13);
INSERT INTO PERMISSION_TAB (ROLE_ID, RIGHT_ID) VALUES (4, 14);
INSERT INTO PERMISSION_TAB (ROLE_ID, RIGHT_ID) VALUES (4, 15);
INSERT INTO PERMISSION_TAB (ROLE_ID, RIGHT_ID) VALUES (4, 16);
INSERT INTO PERMISSION_TAB (ROLE_ID, RIGHT_ID) VALUES (4, 17);
INSERT INTO PERMISSION_TAB (ROLE_ID, RIGHT_ID) VALUES (4, 18);
INSERT INTO PERMISSION_TAB (ROLE_ID, RIGHT_ID) VALUES (4, 22);

INSERT INTO USER_TAB (USER_ID, USERNAME, PASSWORD, ROLE_ID) VALUES (100, 'victoria','$2a$10$1LKx8/.rsAeij5ARdSZgeOwQYgJk8nhBSQukG9Soz/GuLsVVCf6oG', 1);
INSERT INTO USER_TAB (USER_ID, USERNAME, PASSWORD, ROLE_ID) VALUES (200,  'bartosz','$2a$10$1LKx8/.rsAeij5ARdSZgeOwQYgJk8nhBSQukG9Soz/GuLsVVCf6oG', 2);
INSERT INTO USER_TAB (USER_ID, USERNAME, PASSWORD, ROLE_ID) VALUES (300, 'kasia','$2a$10$1LKx8/.rsAeij5ARdSZgeOwQYgJk8nhBSQukG9Soz/GuLsVVCf6oG', 1);
INSERT INTO USER_TAB (USER_ID, USERNAME, PASSWORD, ROLE_ID) VALUES (400, 'manhton','$2a$10$1LKx8/.rsAeij5ARdSZgeOwQYgJk8nhBSQukG9Soz/GuLsVVCf6oG', 4);
INSERT INTO USER_TAB (USER_ID, USERNAME, PASSWORD, ROLE_ID) VALUES (500, 'raffael','$2a$10$1LKx8/.rsAeij5ARdSZgeOwQYgJk8nhBSQukG9Soz/GuLsVVCf6oG', 1);

INSERT INTO SUPERIOR_TAB (SUPERIOR_ID, NAME, USER_ID) VALUES (100, 'superior_1', 100);
INSERT INTO SUPERIOR_TAB (SUPERIOR_ID, NAME, USER_ID) VALUES (200, 'superior_2', 200);
INSERT INTO SUPERIOR_TAB (SUPERIOR_ID, NAME) VALUES (300, 'superior_3');


INSERT INTO EMPLOYEE_TAB (EMPLOYEE_ID, NAME, USER_ID, SUPERIOR_ID) VALUES (100, 'Victoria', 100, 100);
INSERT INTO EMPLOYEE_TAB (EMPLOYEE_ID, NAME, USER_ID, SUPERIOR_ID) VALUES (200, 'Bartosz', 200, 100);
INSERT INTO EMPLOYEE_TAB (EMPLOYEE_ID, NAME, USER_ID, SUPERIOR_ID) VALUES (300, 'Kasia', 300, 100);

INSERT INTO EXPENSE_TAB (EXPENSE_ID, NAME, TOTAL, EXPENSE_DATE, CATEGORY_ID, SHOP_ID, EMPLOYEE_ID, STATUS, NOTE) VALUES (100, 'expense_1', 0.99, CURRENT_DATE, 100, 100, 100, 'INITIAL', 'Note 1');
INSERT INTO EXPENSE_TAB (EXPENSE_ID, NAME, TOTAL, EXPENSE_DATE, CATEGORY_ID, SHOP_ID, EMPLOYEE_ID, STATUS, NOTE) VALUES (200, 'expense_2', 9.05, CURRENT_DATE, 200, 200, 100, 'INITIAL', 'Note 2');
INSERT INTO EXPENSE_TAB (EXPENSE_ID, NAME, TOTAL, EXPENSE_DATE, CATEGORY_ID, SHOP_ID, EMPLOYEE_ID, STATUS, NOTE) VALUES (300, 'expense_3', 22.0, CURRENT_DATE, 200, 200, 200, 'INITIAL', 'Note 3');


